"CodeDepartement";"NomDepartement";"NbCirconscriptions";"Circonscriptions";"RelationsOSM";"UrlOverpassTurbo"
"001";"Ain";"5";"001-01;001-02;001-03;001-04;001-05";"2187468;2186337;2186338;2187249;2186340";"https://overpass-turbo.eu/?Q=[out:json];(relation(2187468);relation(2186337);relation(2186338);relation(2187249);relation(2186340));out body geom;&R&S=relation{fill-color:%2317a2b8;fill-opacity:0.3;text:name;font-size:14;}"
"002";"Aisne";"5";"002-01;002-02;002-03;002-04;002-05";"3108388;3108389;2187264;3108390;3108391";"https://overpass-turbo.eu/?Q=[out:json];(relation(3108388);relation(3108389);relation(2187264);relation(3108390);relation(3108391));out body geom;&R&S=relation{fill-color:%2317a2b8;fill-opacity:0.3;text:name;font-size:14;}"
"003";"Allier";"3";"003-01;003-02;003-03";"3108680;2215234;2914694";"https://overpass-turbo.eu/?Q=[out:json];(relation(3108680);relation(2215234);relation(2914694));out body geom;&R&S=relation{fill-color:%2317a2b8;fill-opacity:0.3;text:name;font-size:14;}"
"004";"Alpes-de-Haute-Provence";"2";"004-01;004-02";"2186343;2186345";"https://overpass-turbo.eu/?Q=[out:json];(relation(2186343);relation(2186345));out body geom;&R&S=relation{fill-color:%2317a2b8;fill-opacity:0.3;text:name;font-size:14;}"
"005";"Hautes-Alpes";"2";"005-01;005-02";"2186436;2186437";"https://overpass-turbo.eu/?Q=[out:json];(relation(2186436);relation(2186437));out body geom;&R&S=relation{fill-color:%2317a2b8;fill-opacity:0.3;text:name;font-size:14;}"
"006";"Alpes-Maritimes";"9";"006-01;006-02;006-03;006-04;006-05;006-06;006-07;006-08;006-09";"2191568;2186982;2186983;2186984;2186985;2186986;2186987;2186988;2186989";"https://overpass-turbo.eu/?Q=[out:json];(relation(2191568);relation(2186982);relation(2186983);relation(2186984);relation(2186985);relation(2186986);relation(2186987);relation(2186988);relation(2186989));out body geom;&R&S=relation{fill-color:%2317a2b8;fill-opacity:0.3;text:name;font-size:14;}"
"007";"Ardeche";"3";"007-01;007-02;007-03";"2681102;2186822;2681156";"https://overpass-turbo.eu/?Q=[out:json];(relation(2681102);relation(2186822);relation(2681156));out body geom;&R&S=relation{fill-color:%2317a2b8;fill-opacity:0.3;text:name;font-size:14;}"
"008";"Ardennes";"3";"008-01;008-02;008-03";"7152599;7152598;7152597";"https://overpass-turbo.eu/?Q=[out:json];(relation(7152599);relation(7152598);relation(7152597));out body geom;&R&S=relation{fill-color:%2317a2b8;fill-opacity:0.3;text:name;font-size:14;}"
"009";"Ariege";"2";"009-01;009-02";"2186284;2186285";"https://overpass-turbo.eu/?Q=[out:json];(relation(2186284);relation(2186285));out body geom;&R&S=relation{fill-color:%2317a2b8;fill-opacity:0.3;text:name;font-size:14;}"
"010";"Aube";"3";"010-01;010-02;010-03";"2202845;2202846;3107639";"https://overpass-turbo.eu/?Q=[out:json];(relation(2202845);relation(2202846);relation(3107639));out body geom;&R&S=relation{fill-color:%2317a2b8;fill-opacity:0.3;text:name;font-size:14;}"
"011";"Aude";"3";"011-01;011-02;011-03";"7171994;2799091;7171993";"https://overpass-turbo.eu/?Q=[out:json];(relation(7171994);relation(2799091);relation(7171993));out body geom;&R&S=relation{fill-color:%2317a2b8;fill-opacity:0.3;text:name;font-size:14;}"
"012";"Aveyron";"3";"012-01;012-02;012-03";"2187018;2187019;2187020";"https://overpass-turbo.eu/?Q=[out:json];(relation(2187018);relation(2187019);relation(2187020));out body geom;&R&S=relation{fill-color:%2317a2b8;fill-opacity:0.3;text:name;font-size:14;}"
"013";"Bouches-du-Rhone";"16";"013-01;013-02;013-03;013-04;013-05;013-06;013-07;013-08;013-09;013-10;013-11;013-12;013-13;013-14;013-15;013-16";"7177612;3108692;7177611;7177615;7177616;7177613;7177614;2186835;2186836;2186837;7206979;2186839;2186840;2186841;2186842;2186843";"https://overpass-turbo.eu/?Q=[out:json];(relation(7177612);relation(3108692);relation(7177611);relation(7177615);relation(7177616);relation(7177613);relation(7177614);relation(2186835);relation(2186836);relation(2186837);relation(7206979);relation(2186839);relation(2186840);relation(2186841);relation(2186842);relation(2186843));out body geom;&R&S=relation{fill-color:%2317a2b8;fill-opacity:0.3;text:name;font-size:14;}"
"014";"Calvados";"6";"014-01;014-02;014-03;014-04;014-05;014-06";"2732368;2732767;2186465;2186468;2186470;2186471";"https://overpass-turbo.eu/?Q=[out:json];(relation(2732368);relation(2732767);relation(2186465);relation(2186468);relation(2186470);relation(2186471));out body geom;&R&S=relation{fill-color:%2317a2b8;fill-opacity:0.3;text:name;font-size:14;}"
"015";"Cantal";"2";"015-01;015-02";"2188852;2188853";"https://overpass-turbo.eu/?Q=[out:json];(relation(2188852);relation(2188853));out body geom;&R&S=relation{fill-color:%2317a2b8;fill-opacity:0.3;text:name;font-size:14;}"
"016";"Charente";"3";"016-01;016-02;016-03";"2186484;2186485;2186486";"https://overpass-turbo.eu/?Q=[out:json];(relation(2186484);relation(2186485);relation(2186486));out body geom;&R&S=relation{fill-color:%2317a2b8;fill-opacity:0.3;text:name;font-size:14;}"
"017";"Charente-Maritime";"5";"017-01;017-02;017-03;017-04;017-05";"2186488;2186489;2186490;2186491;2186492";"https://overpass-turbo.eu/?Q=[out:json];(relation(2186488);relation(2186489);relation(2186490);relation(2186491);relation(2186492));out body geom;&R&S=relation{fill-color:%2317a2b8;fill-opacity:0.3;text:name;font-size:14;}"
"018";"Cher";"3";"018-01;018-02;018-03";"2187149;2187150;2187151";"https://overpass-turbo.eu/?Q=[out:json];(relation(2187149);relation(2187150);relation(2187151));out body geom;&R&S=relation{fill-color:%2317a2b8;fill-opacity:0.3;text:name;font-size:14;}"
"019";"Correze";"2";"019-01;019-02";"2951864;2951865";"https://overpass-turbo.eu/?Q=[out:json];(relation(2951864);relation(2951865));out body geom;&R&S=relation{fill-color:%2317a2b8;fill-opacity:0.3;text:name;font-size:14;}"
"021";"Cote-d'Or";"5";"021-01;021-02;021-03;021-04;021-05";"2187161;2187162;2187163;2187164;2187165";"https://overpass-turbo.eu/?Q=[out:json];(relation(2187161);relation(2187162);relation(2187163);relation(2187164);relation(2187165));out body geom;&R&S=relation{fill-color:%2317a2b8;fill-opacity:0.3;text:name;font-size:14;}"
"022";"Cotes-d'Armor";"5";"022-01;022-02;022-03;022-04;022-05";"2190754;2190755;2190756;2190757;2190758";"https://overpass-turbo.eu/?Q=[out:json];(relation(2190754);relation(2190755);relation(2190756);relation(2190757);relation(2190758));out body geom;&R&S=relation{fill-color:%2317a2b8;fill-opacity:0.3;text:name;font-size:14;}"
"023";"Creuse";"1";"023-01";"2186526";"https://overpass-turbo.eu/?Q=[out:json];(relation(2186526));out body geom;&R&S=relation{fill-color:%2317a2b8;fill-opacity:0.3;text:name;font-size:14;}"
"024";"Dordogne";"4";"024-01;024-02;024-03;024-04";"7171257;7171255;7171256;7171258";"https://overpass-turbo.eu/?Q=[out:json];(relation(7171257);relation(7171255);relation(7171256);relation(7171258));out body geom;&R&S=relation{fill-color:%2317a2b8;fill-opacity:0.3;text:name;font-size:14;}"
"025";"Doubs";"5";"025-01;025-02;025-03;025-04;025-05";"2084291;2084290;2084293;2084292;2084289";"https://overpass-turbo.eu/?Q=[out:json];(relation(2084291);relation(2084290);relation(2084293);relation(2084292);relation(2084289));out body geom;&R&S=relation{fill-color:%2317a2b8;fill-opacity:0.3;text:name;font-size:14;}"
"026";"Drome";"4";"026-01;026-02;026-03;026-04";"2186818;2186819;2186820;2186821";"https://overpass-turbo.eu/?Q=[out:json];(relation(2186818);relation(2186819);relation(2186820);relation(2186821));out body geom;&R&S=relation{fill-color:%2317a2b8;fill-opacity:0.3;text:name;font-size:14;}"
"027";"Eure";"5";"027-01;027-02;027-03;027-04;027-05";"7172084;7172083;7172082;7172081;7172080";"https://overpass-turbo.eu/?Q=[out:json];(relation(7172084);relation(7172083);relation(7172082);relation(7172081);relation(7172080));out body geom;&R&S=relation{fill-color:%2317a2b8;fill-opacity:0.3;text:name;font-size:14;}"
"028";"Eure-et-Loir";"4";"028-01;028-02;028-03;028-04";"2942106;2190664;7158763;2190666";"https://overpass-turbo.eu/?Q=[out:json];(relation(2942106);relation(2190664);relation(7158763);relation(2190666));out body geom;&R&S=relation{fill-color:%2317a2b8;fill-opacity:0.3;text:name;font-size:14;}"
"029";"Finistere";"8";"029-01;029-02;029-03;029-04;029-05;029-06;029-07;029-08";"2190769;2190770;2190771;2190772;2190773;2190774;2190775;2190776";"https://overpass-turbo.eu/?Q=[out:json];(relation(2190769);relation(2190770);relation(2190771);relation(2190772);relation(2190773);relation(2190774);relation(2190775);relation(2190776));out body geom;&R&S=relation{fill-color:%2317a2b8;fill-opacity:0.3;text:name;font-size:14;}"
"02A";"Corse-du-Sud";"2";"02A-01;02A-02";"2190884;2190886";"https://overpass-turbo.eu/?Q=[out:json];(relation(2190884);relation(2190886));out body geom;&R&S=relation{fill-color:%2317a2b8;fill-opacity:0.3;text:name;font-size:14;}"
"02B";"Haute-Corse";"2";"02B-01;02B-02";"3236175;3236176";"https://overpass-turbo.eu/?Q=[out:json];(relation(3236175);relation(3236176));out body geom;&R&S=relation{fill-color:%2317a2b8;fill-opacity:0.3;text:name;font-size:14;}"
"030";"Gard";"6";"030-01;030-02;030-03;030-04;030-05;030-06";"2186969;2186970;2186971;7174543;7174542;2186973";"https://overpass-turbo.eu/?Q=[out:json];(relation(2186969);relation(2186970);relation(2186971);relation(7174543);relation(7174542);relation(2186973));out body geom;&R&S=relation{fill-color:%2317a2b8;fill-opacity:0.3;text:name;font-size:14;}"
"031";"Haute-Garonne";"10";"031-01;031-02;031-03;031-04;031-05;031-06;031-07;031-08;031-09;031-10";"2186346;2186347;2186348;7152303;2186349;2186351;2186352;2186353;2186354;2186355";"https://overpass-turbo.eu/?Q=[out:json];(relation(2186346);relation(2186347);relation(2186348);relation(7152303);relation(2186349);relation(2186351);relation(2186352);relation(2186353);relation(2186354);relation(2186355));out body geom;&R&S=relation{fill-color:%2317a2b8;fill-opacity:0.3;text:name;font-size:14;}"
"032";"Gers";"2";"032-01;032-02";"2186323;2186324";"https://overpass-turbo.eu/?Q=[out:json];(relation(2186323);relation(2186324));out body geom;&R&S=relation{fill-color:%2317a2b8;fill-opacity:0.3;text:name;font-size:14;}"
"033";"Gironde";"12";"033-01;033-02;033-03;033-04;033-05;033-06;033-07;033-08;033-09;033-10;033-11;033-12";"2186249;2187812;2186250;2186251;2186252;2186253;2186254;2186255;2186259;2186260;2186261;2186262";"https://overpass-turbo.eu/?Q=[out:json];(relation(2186249);relation(2187812);relation(2186250);relation(2186251);relation(2186252);relation(2186253);relation(2186254);relation(2186255);relation(2186259);relation(2186260);relation(2186261);relation(2186262));out body geom;&R&S=relation{fill-color:%2317a2b8;fill-opacity:0.3;text:name;font-size:14;}"
"034";"Herault";"9";"034-01;034-02;034-03;034-04;034-05;034-06;034-07;034-08;034-09";"2186503;2974994;2186504;2186505;2186506;2186507;2186508;2186509;2186510";"https://overpass-turbo.eu/?Q=[out:json];(relation(2186503);relation(2974994);relation(2186504);relation(2186505);relation(2186506);relation(2186507);relation(2186508);relation(2186509);relation(2186510));out body geom;&R&S=relation{fill-color:%2317a2b8;fill-opacity:0.3;text:name;font-size:14;}"
"035";"Ille-et-Vilaine";"8";"035-01;035-02;035-03;035-04;035-05;035-06;035-07;035-08";"2190424;2190425;2190426;2190427;2190428;2190429;2190430;2190431";"https://overpass-turbo.eu/?Q=[out:json];(relation(2190424);relation(2190425);relation(2190426);relation(2190427);relation(2190428);relation(2190429);relation(2190430);relation(2190431));out body geom;&R&S=relation{fill-color:%2317a2b8;fill-opacity:0.3;text:name;font-size:14;}"
"036";"Indre";"2";"036-01;036-02";"2187127;2187128";"https://overpass-turbo.eu/?Q=[out:json];(relation(2187127);relation(2187128));out body geom;&R&S=relation{fill-color:%2317a2b8;fill-opacity:0.3;text:name;font-size:14;}"
"037";"Indre-et-Loire";"5";"037-01;037-02;037-03;037-04;037-05";"7184807;2190291;2190292;2190293;2190294";"https://overpass-turbo.eu/?Q=[out:json];(relation(7184807);relation(2190291);relation(2190292);relation(2190293);relation(2190294));out body geom;&R&S=relation{fill-color:%2317a2b8;fill-opacity:0.3;text:name;font-size:14;}"
"038";"Isere";"10";"038-01;038-02;038-03;038-04;038-05;038-06;038-07;038-08;038-09;038-10";"2186567;2186568;2186569;2186570;2186571;2186572;2186573;2186574;2186575;2186576";"https://overpass-turbo.eu/?Q=[out:json];(relation(2186567);relation(2186568);relation(2186569);relation(2186570);relation(2186571);relation(2186572);relation(2186573);relation(2186574);relation(2186575);relation(2186576));out body geom;&R&S=relation{fill-color:%2317a2b8;fill-opacity:0.3;text:name;font-size:14;}"
"039";"Jura";"3";"039-01;039-02;039-03";"2187178;2187179;2187180";"https://overpass-turbo.eu/?Q=[out:json];(relation(2187178);relation(2187179);relation(2187180));out body geom;&R&S=relation{fill-color:%2317a2b8;fill-opacity:0.3;text:name;font-size:14;}"
"040";"Landes";"3";"040-01;040-02;040-03";"2186273;2186274;2186275";"https://overpass-turbo.eu/?Q=[out:json];(relation(2186273);relation(2186274);relation(2186275));out body geom;&R&S=relation{fill-color:%2317a2b8;fill-opacity:0.3;text:name;font-size:14;}"
"041";"Loir-et-Cher";"3";"041-01;041-02;041-03";"2190299;2190300;2190301";"https://overpass-turbo.eu/?Q=[out:json];(relation(2190299);relation(2190300);relation(2190301));out body geom;&R&S=relation{fill-color:%2317a2b8;fill-opacity:0.3;text:name;font-size:14;}"
"042";"Loire";"6";"042-01;042-02;042-03;042-04;042-05;042-06";"2186541;5892165;2186542;2186543;2186544;2186545";"https://overpass-turbo.eu/?Q=[out:json];(relation(2186541);relation(5892165);relation(2186542);relation(2186543);relation(2186544);relation(2186545));out body geom;&R&S=relation{fill-color:%2317a2b8;fill-opacity:0.3;text:name;font-size:14;}"
"043";"Haute-Loire";"2";"043-01;043-02";"2190949;2190950";"https://overpass-turbo.eu/?Q=[out:json];(relation(2190949);relation(2190950));out body geom;&R&S=relation{fill-color:%2317a2b8;fill-opacity:0.3;text:name;font-size:14;}"
"044";"Loire-Atlantique";"10";"044-01;044-02;044-03;044-04;044-05;044-06;044-07;044-08;044-09;044-10";"2190243;2805618;2190244;2190245;2190246;2190247;2190248;2190249;2190250;2190251";"https://overpass-turbo.eu/?Q=[out:json];(relation(2190243);relation(2805618);relation(2190244);relation(2190245);relation(2190246);relation(2190247);relation(2190248);relation(2190249);relation(2190250);relation(2190251));out body geom;&R&S=relation{fill-color:%2317a2b8;fill-opacity:0.3;text:name;font-size:14;}"
"045";"Loiret";"6";"045-01;045-02;045-03;045-04;045-05;045-06";"2190688;2190689;2190690;2190691;2190692;2190693";"https://overpass-turbo.eu/?Q=[out:json];(relation(2190688);relation(2190689);relation(2190690);relation(2190691);relation(2190692);relation(2190693));out body geom;&R&S=relation{fill-color:%2317a2b8;fill-opacity:0.3;text:name;font-size:14;}"
"046";"Lot";"2";"046-01;046-02";"2186493;2186494";"https://overpass-turbo.eu/?Q=[out:json];(relation(2186493);relation(2186494));out body geom;&R&S=relation{fill-color:%2317a2b8;fill-opacity:0.3;text:name;font-size:14;}"
"047";"Lot-et-Garonne";"3";"047-01;047-02;047-03";"3108710;3241450;3241451";"https://overpass-turbo.eu/?Q=[out:json];(relation(3108710);relation(3241450);relation(3241451));out body geom;&R&S=relation{fill-color:%2317a2b8;fill-opacity:0.3;text:name;font-size:14;}"
"048";"Lozere";"1";"048-01";"2186515";"https://overpass-turbo.eu/?Q=[out:json];(relation(2186515));out body geom;&R&S=relation{fill-color:%2317a2b8;fill-opacity:0.3;text:name;font-size:14;}"
"049";"Maine-et-Loire";"7";"049-01;049-02;049-03;049-04;049-05;049-06;049-07";"2190275;2190276;2190277;2190278;2190279;2190280;2190281";"https://overpass-turbo.eu/?Q=[out:json];(relation(2190275);relation(2190276);relation(2190277);relation(2190278);relation(2190279);relation(2190280);relation(2190281));out body geom;&R&S=relation{fill-color:%2317a2b8;fill-opacity:0.3;text:name;font-size:14;}"
"050";"Manche";"4";"050-01;050-02;050-03;050-04";"2190654;2190655;2190656;2190657";"https://overpass-turbo.eu/?Q=[out:json];(relation(2190654);relation(2190655);relation(2190656);relation(2190657));out body geom;&R&S=relation{fill-color:%2317a2b8;fill-opacity:0.3;text:name;font-size:14;}"
"051";"Marne";"5";"051-01;051-02;051-03;051-04;051-05";"7174540;7174538;7174539;7174537;3117328";"https://overpass-turbo.eu/?Q=[out:json];(relation(7174540);relation(7174538);relation(7174539);relation(7174537);relation(3117328));out body geom;&R&S=relation{fill-color:%2317a2b8;fill-opacity:0.3;text:name;font-size:14;}"
"052";"Haute-Marne";"2";"052-01;052-02";"3491977;3491978";"https://overpass-turbo.eu/?Q=[out:json];(relation(3491977);relation(3491978));out body geom;&R&S=relation{fill-color:%2317a2b8;fill-opacity:0.3;text:name;font-size:14;}"
"053";"Mayenne";"3";"053-01;053-02;053-03";"2190648;2190649;2190650";"https://overpass-turbo.eu/?Q=[out:json];(relation(2190648);relation(2190649);relation(2190650));out body geom;&R&S=relation{fill-color:%2317a2b8;fill-opacity:0.3;text:name;font-size:14;}"
"054";"Meurthe-et-Moselle";"6";"054-01;054-02;054-03;054-04;054-05;054-06";"2187839;2963001;2187840;2963459;2962817;2962887";"https://overpass-turbo.eu/?Q=[out:json];(relation(2187839);relation(2963001);relation(2187840);relation(2963459);relation(2962817);relation(2962887));out body geom;&R&S=relation{fill-color:%2317a2b8;fill-opacity:0.3;text:name;font-size:14;}"
"055";"Meuse";"2";"055-01;055-02";"3107701;3107678";"https://overpass-turbo.eu/?Q=[out:json];(relation(3107701);relation(3107678));out body geom;&R&S=relation{fill-color:%2317a2b8;fill-opacity:0.3;text:name;font-size:14;}"
"056";"Morbihan";"6";"056-01;056-02;056-03;056-04;056-05;056-06";"2190331;2190333;2190334;2190335;2190336;2190337";"https://overpass-turbo.eu/?Q=[out:json];(relation(2190331);relation(2190333);relation(2190334);relation(2190335);relation(2190336);relation(2190337));out body geom;&R&S=relation{fill-color:%2317a2b8;fill-opacity:0.3;text:name;font-size:14;}"
"057";"Moselle";"9";"057-01;057-02;057-03;057-04;057-05;057-06;057-07;057-08;057-09";"2187706;2197354;2445758;2455171;2455172;2455173;2455174;2455175;2455176";"https://overpass-turbo.eu/?Q=[out:json];(relation(2187706);relation(2197354);relation(2445758);relation(2455171);relation(2455172);relation(2455173);relation(2455174);relation(2455175);relation(2455176));out body geom;&R&S=relation{fill-color:%2317a2b8;fill-opacity:0.3;text:name;font-size:14;}"
"058";"Nievre";"2";"058-01;058-02";"2187156;2187157";"https://overpass-turbo.eu/?Q=[out:json];(relation(2187156);relation(2187157));out body geom;&R&S=relation{fill-color:%2317a2b8;fill-opacity:0.3;text:name;font-size:14;}"
"059";"Nord";"21";"059-01;059-02;059-03;059-04;059-05;059-06;059-07;059-08;059-09;059-10;059-11;059-12;059-13;059-14;059-15;059-16;059-17;059-18;059-19;059-20;059-21";"2187105;2187106;2187107;2187108;2187109;2187110;2187111;2187112;2187113;2187114;2187115;2187116;7185039;2187118;2187119;2187120;2187121;2187122;2187123;2187124;2187125";"https://overpass-turbo.eu/?Q=[out:json];(relation(2187105);relation(2187106);relation(2187107);relation(2187108);relation(2187109);relation(2187110);relation(2187111);relation(2187112);relation(2187113);relation(2187114);relation(2187115);relation(2187116);relation(7185039);relation(2187118);relation(2187119);relation(2187120);relation(2187121);relation(2187122);relation(2187123);relation(2187124);relation(2187125));out body geom;&R&S=relation{fill-color:%2317a2b8;fill-opacity:0.3;text:name;font-size:14;}"
"060";"Oise";"7";"060-01;060-02;060-03;060-04;060-05;060-06;060-07";"2187166;2187167;2187168;2187169;2187170;2187171;2187172";"https://overpass-turbo.eu/?Q=[out:json];(relation(2187166);relation(2187167);relation(2187168);relation(2187169);relation(2187170);relation(2187171);relation(2187172));out body geom;&R&S=relation{fill-color:%2317a2b8;fill-opacity:0.3;text:name;font-size:14;}"
"061";"Orne";"3";"061-01;061-02;061-03";"7171962;7171964;7171963";"https://overpass-turbo.eu/?Q=[out:json];(relation(7171962);relation(7171964);relation(7171963));out body geom;&R&S=relation{fill-color:%2317a2b8;fill-opacity:0.3;text:name;font-size:14;}"
"062";"Pas-de-Calais";"12";"062-01;062-02;062-03;062-04;062-05;062-06;062-07;062-08;062-09;062-10;062-11;062-12";"7171980;2207988;2187057;7171981;2187059;7171979;2187061;7171978;2187063;2187064;2187065;2187066";"https://overpass-turbo.eu/?Q=[out:json];(relation(7171980);relation(2207988);relation(2187057);relation(7171981);relation(2187059);relation(7171979);relation(2187061);relation(7171978);relation(2187063);relation(2187064);relation(2187065);relation(2187066));out body geom;&R&S=relation{fill-color:%2317a2b8;fill-opacity:0.3;text:name;font-size:14;}"
"063";"Puy-de-Dome";"5";"063-01;063-02;063-03;063-04;063-05";"2186537;2186538;2192937;2192926;2186539";"https://overpass-turbo.eu/?Q=[out:json];(relation(2186537);relation(2186538);relation(2192937);relation(2192926);relation(2186539));out body geom;&R&S=relation{fill-color:%2317a2b8;fill-opacity:0.3;text:name;font-size:14;}"
"064";"Pyrenees-Atlantiques";"6";"064-01;064-02;064-03;064-04;064-05;064-06";"2750458;7168941;7168940;2748030;2747099;2747100";"https://overpass-turbo.eu/?Q=[out:json];(relation(2750458);relation(7168941);relation(7168940);relation(2748030);relation(2747099);relation(2747100));out body geom;&R&S=relation{fill-color:%2317a2b8;fill-opacity:0.3;text:name;font-size:14;}"
"065";"Hautes-Pyrenees";"2";"065-01;065-02";"7172123;7172121";"https://overpass-turbo.eu/?Q=[out:json];(relation(7172123);relation(7172121));out body geom;&R&S=relation{fill-color:%2317a2b8;fill-opacity:0.3;text:name;font-size:14;}"
"066";"Pyrenees-Orientales";"4";"066-01;066-02;066-03;066-04";"7174637;7174638;7174639;2929099";"https://overpass-turbo.eu/?Q=[out:json];(relation(7174637);relation(7174638);relation(7174639);relation(2929099));out body geom;&R&S=relation{fill-color:%2317a2b8;fill-opacity:0.3;text:name;font-size:14;}"
"067";"Bas-Rhin";"9";"067-01;067-02;067-03;067-04;067-05;067-06;067-07;067-08;067-09";"7184916;2187922;2187923;2187924;2187925;2187926;2187927;2187928;2187929";"https://overpass-turbo.eu/?Q=[out:json];(relation(7184916);relation(2187922);relation(2187923);relation(2187924);relation(2187925);relation(2187926);relation(2187927);relation(2187928);relation(2187929));out body geom;&R&S=relation{fill-color:%2317a2b8;fill-opacity:0.3;text:name;font-size:14;}"
"068";"Haut-Rhin";"6";"068-01;068-02;068-03;068-04;068-05;068-06";"2187930;2187931;2187932;2187933;2187934;2187935";"https://overpass-turbo.eu/?Q=[out:json];(relation(2187930);relation(2187931);relation(2187932);relation(2187933);relation(2187934);relation(2187935));out body geom;&R&S=relation{fill-color:%2317a2b8;fill-opacity:0.3;text:name;font-size:14;}"
"069";"Rhone";"14";"069-01;069-02;069-03;069-04;069-05;069-06;069-07;069-08;069-09;069-10;069-11;069-12;069-13;069-14";"7147687;7147686;7147685;7147684;2186555;2186556;2186557;2186558;2186559;2186560;2186561;2186562;2186563;2186564";"https://overpass-turbo.eu/?Q=[out:json];(relation(7147687);relation(7147686);relation(7147685);relation(7147684);relation(2186555);relation(2186556);relation(2186557);relation(2186558);relation(2186559);relation(2186560);relation(2186561);relation(2186562);relation(2186563);relation(2186564));out body geom;&R&S=relation{fill-color:%2317a2b8;fill-opacity:0.3;text:name;font-size:14;}"
"070";"Haute-Saone";"2";"070-01;070-02";"2188560;2188561";"https://overpass-turbo.eu/?Q=[out:json];(relation(2188560);relation(2188561));out body geom;&R&S=relation{fill-color:%2317a2b8;fill-opacity:0.3;text:name;font-size:14;}"
"071";"Saone-et-Loire";"5";"071-01;071-02;071-03;071-04;071-05";"3392209;3402859;3402860;3402843;3402861";"https://overpass-turbo.eu/?Q=[out:json];(relation(3392209);relation(3402859);relation(3402860);relation(3402843);relation(3402861));out body geom;&R&S=relation{fill-color:%2317a2b8;fill-opacity:0.3;text:name;font-size:14;}"
"072";"Sarthe";"5";"072-01;072-02;072-03;072-04;072-05";"2190370;2190371;2190372;2190373;2190374";"https://overpass-turbo.eu/?Q=[out:json];(relation(2190370);relation(2190371);relation(2190372);relation(2190373);relation(2190374));out body geom;&R&S=relation{fill-color:%2317a2b8;fill-opacity:0.3;text:name;font-size:14;}"
"073";"Savoie";"4";"073-01;073-02;073-03;073-04";"2187134;2187135;2187136;2187137";"https://overpass-turbo.eu/?Q=[out:json];(relation(2187134);relation(2187135);relation(2187136);relation(2187137));out body geom;&R&S=relation{fill-color:%2317a2b8;fill-opacity:0.3;text:name;font-size:14;}"
"074";"Haute-Savoie";"6";"074-01;074-02;074-03;074-04;074-05;074-06";"2187141;2187142;2187143;2187144;2187145;2187146";"https://overpass-turbo.eu/?Q=[out:json];(relation(2187141);relation(2187142);relation(2187143);relation(2187144);relation(2187145);relation(2187146));out body geom;&R&S=relation{fill-color:%2317a2b8;fill-opacity:0.3;text:name;font-size:14;}"
"075";"Paris";"18";"075-01;075-02;075-03;075-04;075-05;075-06;075-07;075-08;075-09;075-10;075-11;075-12;075-13;075-14;075-15;075-16;075-17;075-18";"2193668;2193681;2193744;2193748;2186812;2193858;2193864;2193901;2193902;2193925;2194753;2194898;2194903;2194987;2194991;2195025;2195126;2195141";"https://overpass-turbo.eu/?Q=[out:json];(relation(2193668);relation(2193681);relation(2193744);relation(2193748);relation(2186812);relation(2193858);relation(2193864);relation(2193901);relation(2193902);relation(2193925);relation(2194753);relation(2194898);relation(2194903);relation(2194987);relation(2194991);relation(2195025);relation(2195126);relation(2195141));out body geom;&R&S=relation{fill-color:%2317a2b8;fill-opacity:0.3;text:name;font-size:14;}"
"076";"Seine-Maritime";"10";"076-01;076-02;076-03;076-04;076-05;076-06;076-07;076-08;076-09;076-10";"2187185;3044660;2187187;2187188;3044664;3044686;2187191;2187192;3044693;3044718";"https://overpass-turbo.eu/?Q=[out:json];(relation(2187185);relation(3044660);relation(2187187);relation(2187188);relation(3044664);relation(3044686);relation(2187191);relation(2187192);relation(3044693);relation(3044718));out body geom;&R&S=relation{fill-color:%2317a2b8;fill-opacity:0.3;text:name;font-size:14;}"
"077";"Seine-et-Marne";"11";"077-01;077-02;077-03;077-04;077-05;077-06;077-07;077-08;077-09;077-10;077-11";"2186127;2186128;2186129;2186130;2186131;2186133;2186134;2186135;2186136;2186137;2186138";"https://overpass-turbo.eu/?Q=[out:json];(relation(2186127);relation(2186128);relation(2186129);relation(2186130);relation(2186131);relation(2186133);relation(2186134);relation(2186135);relation(2186136);relation(2186137);relation(2186138));out body geom;&R&S=relation{fill-color:%2317a2b8;fill-opacity:0.3;text:name;font-size:14;}"
"078";"Yvelines";"12";"078-01;078-02;078-03;078-04;078-05;078-06;078-07;078-08;078-09;078-10;078-11;078-12";"2205193;2205195;2205196;2186046;2186047;2186048;2186049;2186050;2186051;2186052;2205197;2186054";"https://overpass-turbo.eu/?Q=[out:json];(relation(2205193);relation(2205195);relation(2205196);relation(2186046);relation(2186047);relation(2186048);relation(2186049);relation(2186050);relation(2186051);relation(2186052);relation(2205197);relation(2186054));out body geom;&R&S=relation{fill-color:%2317a2b8;fill-opacity:0.3;text:name;font-size:14;}"
"079";"Deux-Sevres";"3";"079-01;079-02;079-03";"2187079;2187080;2187082";"https://overpass-turbo.eu/?Q=[out:json];(relation(2187079);relation(2187080);relation(2187082));out body geom;&R&S=relation{fill-color:%2317a2b8;fill-opacity:0.3;text:name;font-size:14;}"
"080";"Somme";"5";"080-01;080-02;080-03;080-04;080-05";"7171953;7171954;7171955;7171952;7171951";"https://overpass-turbo.eu/?Q=[out:json];(relation(7171953);relation(7171954);relation(7171955);relation(7171952);relation(7171951));out body geom;&R&S=relation{fill-color:%2317a2b8;fill-opacity:0.3;text:name;font-size:14;}"
"081";"Tarn";"3";"081-01;081-02;081-03";"2186452;2186453;2186454";"https://overpass-turbo.eu/?Q=[out:json];(relation(2186452);relation(2186453);relation(2186454));out body geom;&R&S=relation{fill-color:%2317a2b8;fill-opacity:0.3;text:name;font-size:14;}"
"082";"Tarn-et-Garonne";"2";"082-01;082-02";"2186467;2186469";"https://overpass-turbo.eu/?Q=[out:json];(relation(2186467);relation(2186469));out body geom;&R&S=relation{fill-color:%2317a2b8;fill-opacity:0.3;text:name;font-size:14;}"
"083";"Var";"8";"083-01;083-02;083-03;083-04;083-05;083-06;083-07;083-08";"7184718;2186974;2186975;2186976;2186977;2751923;2186979;2752299";"https://overpass-turbo.eu/?Q=[out:json];(relation(7184718);relation(2186974);relation(2186975);relation(2186976);relation(2186977);relation(2751923);relation(2186979);relation(2752299));out body geom;&R&S=relation{fill-color:%2317a2b8;fill-opacity:0.3;text:name;font-size:14;}"
"084";"Vaucluse";"5";"084-01;084-02;084-03;084-04;084-05";"2186823;2186824;2186825;2186826;2186832";"https://overpass-turbo.eu/?Q=[out:json];(relation(2186823);relation(2186824);relation(2186825);relation(2186826);relation(2186832));out body geom;&R&S=relation{fill-color:%2317a2b8;fill-opacity:0.3;text:name;font-size:14;}"
"085";"Vendee";"5";"085-01;085-02;085-03;085-04;085-05";"2187037;2187039;2187040;2187041;2187047";"https://overpass-turbo.eu/?Q=[out:json];(relation(2187037);relation(2187039);relation(2187040);relation(2187041);relation(2187047));out body geom;&R&S=relation{fill-color:%2317a2b8;fill-opacity:0.3;text:name;font-size:14;}"
"086";"Vienne";"4";"086-01;086-02;086-03;086-04";"2187101;2187102;2187103;2187104";"https://overpass-turbo.eu/?Q=[out:json];(relation(2187101);relation(2187102);relation(2187103);relation(2187104));out body geom;&R&S=relation{fill-color:%2317a2b8;fill-opacity:0.3;text:name;font-size:14;}"
"087";"Haute-Vienne";"3";"087-01;087-02;087-03";"2186520;2186521;2186522";"https://overpass-turbo.eu/?Q=[out:json];(relation(2186520);relation(2186521);relation(2186522));out body geom;&R&S=relation{fill-color:%2317a2b8;fill-opacity:0.3;text:name;font-size:14;}"
"088";"Vosges";"4";"088-01;088-02;088-03;088-04";"2196438;2196477;2196457;2196478";"https://overpass-turbo.eu/?Q=[out:json];(relation(2196438);relation(2196477);relation(2196457);relation(2196478));out body geom;&R&S=relation{fill-color:%2317a2b8;fill-opacity:0.3;text:name;font-size:14;}"
"089";"Yonne";"3";"089-01;089-02;089-03";"3492003;3492004;2973892";"https://overpass-turbo.eu/?Q=[out:json];(relation(3492003);relation(3492004);relation(2973892));out body geom;&R&S=relation{fill-color:%2317a2b8;fill-opacity:0.3;text:name;font-size:14;}"
"090";"Territoire de Belfort";"2";"090-01;090-02";"2187183;2187184";"https://overpass-turbo.eu/?Q=[out:json];(relation(2187183);relation(2187184));out body geom;&R&S=relation{fill-color:%2317a2b8;fill-opacity:0.3;text:name;font-size:14;}"
"091";"Essonne";"10";"091-01;091-02;091-03;091-04;091-05;091-06;091-07;091-08;091-09;091-10";"2186027;2186028;2186029;2186030;2186031;2186032;2186033;2186034;2186035;2186036";"https://overpass-turbo.eu/?Q=[out:json];(relation(2186027);relation(2186028);relation(2186029);relation(2186030);relation(2186031);relation(2186032);relation(2186033);relation(2186034);relation(2186035);relation(2186036));out body geom;&R&S=relation{fill-color:%2317a2b8;fill-opacity:0.3;text:name;font-size:14;}"
"092";"Hauts-de-Seine";"13";"092-01;092-02;092-03;092-04;092-05;092-06;092-07;092-08;092-09;092-10;092-11;092-12;092-13";"2186150;2186151;2186152;2186153;2186154;2186155;2186156;2186157;2200084;2186158;2186159;2186160;2186161";"https://overpass-turbo.eu/?Q=[out:json];(relation(2186150);relation(2186151);relation(2186152);relation(2186153);relation(2186154);relation(2186155);relation(2186156);relation(2186157);relation(2200084);relation(2186158);relation(2186159);relation(2186160);relation(2186161));out body geom;&R&S=relation{fill-color:%2317a2b8;fill-opacity:0.3;text:name;font-size:14;}"
"093";"Seine-Saint-Denis";"12";"093-01;093-02;093-03;093-04;093-05;093-06;093-07;093-08;093-09;093-10;093-11;093-12";"2186182;2186183;2186184;2186185;2186186;2186187;2186188;2186189;2186190;2186191;2186192;2186193";"https://overpass-turbo.eu/?Q=[out:json];(relation(2186182);relation(2186183);relation(2186184);relation(2186185);relation(2186186);relation(2186187);relation(2186188);relation(2186189);relation(2186190);relation(2186191);relation(2186192);relation(2186193));out body geom;&R&S=relation{fill-color:%2317a2b8;fill-opacity:0.3;text:name;font-size:14;}"
"094";"Val-de-Marne";"11";"094-01;094-02;094-03;094-04;094-05;094-06;094-07;094-08;094-09;094-10;094-11";"2185985;2186005;2049345;2049346;2186006;2049347;2186007;2049348;2186009;2186008;2049344";"https://overpass-turbo.eu/?Q=[out:json];(relation(2185985);relation(2186005);relation(2049345);relation(2049346);relation(2186006);relation(2049347);relation(2186007);relation(2049348);relation(2186009);relation(2186008);relation(2049344));out body geom;&R&S=relation{fill-color:%2317a2b8;fill-opacity:0.3;text:name;font-size:14;}"
"095";"Val-d'Oise";"10";"095-01;095-02;095-03;095-04;095-05;095-06;095-07;095-08;095-09;095-10";"2186139;2186140;2186141;2186142;2186143;2186144;2186145;2186146;2186147;2186148";"https://overpass-turbo.eu/?Q=[out:json];(relation(2186139);relation(2186140);relation(2186141);relation(2186142);relation(2186143);relation(2186144);relation(2186145);relation(2186146);relation(2186147);relation(2186148));out body geom;&R&S=relation{fill-color:%2317a2b8;fill-opacity:0.3;text:name;font-size:14;}"
"971";"Guadeloupe";"4";"971-01;971-02;971-03;971-04";"2193650;2193651;2193652;2193654";"https://overpass-turbo.eu/?Q=[out:json];(relation(2193650);relation(2193651);relation(2193652);relation(2193654));out body geom;&R&S=relation{fill-color:%2317a2b8;fill-opacity:0.3;text:name;font-size:14;}"
"972";"Martinique";"4";"972-01;972-02;972-03;972-04";"2193664;2193665;2193666;2193667";"https://overpass-turbo.eu/?Q=[out:json];(relation(2193664);relation(2193665);relation(2193666);relation(2193667));out body geom;&R&S=relation{fill-color:%2317a2b8;fill-opacity:0.3;text:name;font-size:14;}"
"973";"Guyane";"2";"973-01;973-02";"7176550;7176551";"https://overpass-turbo.eu/?Q=[out:json];(relation(7176550);relation(7176551));out body geom;&R&S=relation{fill-color:%2317a2b8;fill-opacity:0.3;text:name;font-size:14;}"
"974";"La Reunion";"7";"974-01;974-02;974-03;974-04;974-05;974-06;974-07";"5837422;2193733;2193734;2193735;2193736;2193739;2193740";"https://overpass-turbo.eu/?Q=[out:json];(relation(5837422);relation(2193733);relation(2193734);relation(2193735);relation(2193736);relation(2193739);relation(2193740));out body geom;&R&S=relation{fill-color:%2317a2b8;fill-opacity:0.3;text:name;font-size:14;}"
"975";"Departement 975";"1";"975-01";"7185066";"https://overpass-turbo.eu/?Q=[out:json];(relation(7185066));out body geom;&R&S=relation{fill-color:%2317a2b8;fill-opacity:0.3;text:name;font-size:14;}"
"976";"Mayotte";"2";"976-01;976-02";"7185098;7185097";"https://overpass-turbo.eu/?Q=[out:json];(relation(7185098);relation(7185097));out body geom;&R&S=relation{fill-color:%2317a2b8;fill-opacity:0.3;text:name;font-size:14;}"
"977";"Departement 977";"1";"977-01";"7185072";"https://overpass-turbo.eu/?Q=[out:json];(relation(7185072));out body geom;&R&S=relation{fill-color:%2317a2b8;fill-opacity:0.3;text:name;font-size:14;}"
"986";"Departement 986";"1";"986-01";"7185082";"https://overpass-turbo.eu/?Q=[out:json];(relation(7185082));out body geom;&R&S=relation{fill-color:%2317a2b8;fill-opacity:0.3;text:name;font-size:14;}"
"987";"Departement 987";"3";"987-01;987-02;987-03";"7168772;7168773;7168774";"https://overpass-turbo.eu/?Q=[out:json];(relation(7168772);relation(7168773);relation(7168774));out body geom;&R&S=relation{fill-color:%2317a2b8;fill-opacity:0.3;text:name;font-size:14;}"
"988";"Departement 988";"2";"988-01;988-02";"7168818;7168819";"https://overpass-turbo.eu/?Q=[out:json];(relation(7168818);relation(7168819));out body geom;&R&S=relation{fill-color:%2317a2b8;fill-opacity:0.3;text:name;font-size:14;}"
