"CodeDepartement";"NomDepartement";"UrlPage";"NbCirconscriptions";"ImagesTelechargees";"UrlImage"
"01";"ain";"https://france.comersis.com/circonscriptions.php?dpt=01";"1";"01_ain.jpg";"https://france.comersis.com/map/circonscription/circonscriptions-de-l-Ain.jpg"
"02";"aisne";"https://france.comersis.com/circonscriptions.php?dpt=02";"1";"02_aisne.jpg";"https://france.comersis.com/map/circonscription/circonscriptions-de-l-Aisne.jpg"
"03";"allier";"https://france.comersis.com/circonscriptions.php?dpt=03";"1";"03_allier.jpg";"https://france.comersis.com/map/circonscription/circonscriptions-de-l-Allier.jpg"
"04";"alpes-de-haute-provence";"https://france.comersis.com/circonscriptions.php?dpt=04";"1";"04_alpes-de-haute-provence.jpg";"https://france.comersis.com/map/circonscription/circonscriptions-des-Alpes-de-Haute-Provence.jpg"
"05";"hautes-alpes";"https://france.comersis.com/circonscriptions.php?dpt=05";"1";"05_hautes-alpes.jpg";"https://france.comersis.com/map/circonscription/circonscriptions-des-Hautes-Alpes.jpg"
"06";"alpes-maritimes";"https://france.comersis.com/circonscriptions.php?dpt=06";"1";"06_alpes-maritimes.jpg";"https://france.comersis.com/map/circonscription/circonscriptions-des-Alpes-Maritimes.jpg"
"07";"ardeche";"https://france.comersis.com/circonscriptions.php?dpt=07";"1";"07_ardeche.jpg";"https://france.comersis.com/map/circonscription/circonscriptions-de-l-Ardeche.jpg"
"08";"ardennes";"https://france.comersis.com/circonscriptions.php?dpt=08";"1";"08_ardennes.jpg";"https://france.comersis.com/map/circonscription/circonscriptions-des-Ardennes.jpg"
"09";"ariege";"https://france.comersis.com/circonscriptions.php?dpt=09";"1";"09_ariege.jpg";"https://france.comersis.com/map/circonscription/circonscriptions-de-l-Ariege.jpg"
"10";"aube";"https://france.comersis.com/circonscriptions.php?dpt=10";"1";"10_aube.jpg";"https://france.comersis.com/map/circonscription/circonscriptions-de-l-Aube.jpg"
"11";"aude";"https://france.comersis.com/circonscriptions.php?dpt=11";"1";"11_aude.jpg";"https://france.comersis.com/map/circonscription/circonscriptions-de-l-Aude.jpg"
"12";"aveyron";"https://france.comersis.com/circonscriptions.php?dpt=12";"1";"12_aveyron.jpg";"https://france.comersis.com/map/circonscription/circonscriptions-de-l-Aveyron.jpg"
"13";"bouches-du-rhone";"https://france.comersis.com/circonscriptions.php?dpt=13";"1";"13_bouches-du-rhone.jpg";"https://france.comersis.com/map/circonscription/circonscriptions-des-Bouches-du-Rhone.jpg"
"14";"calvados";"https://france.comersis.com/circonscriptions.php?dpt=14";"1";"14_calvados.jpg";"https://france.comersis.com/map/circonscription/circonscriptions-du-Calvados.jpg"
"15";"cantal";"https://france.comersis.com/circonscriptions.php?dpt=15";"1";"15_cantal.jpg";"https://france.comersis.com/map/circonscription/circonscriptions-du-Cantal.jpg"
"16";"charente";"https://france.comersis.com/circonscriptions.php?dpt=16";"1";"16_charente.jpg";"https://france.comersis.com/map/circonscription/circonscriptions-de-la-Charente.jpg"
"17";"charente-maritime";"https://france.comersis.com/circonscriptions.php?dpt=17";"1";"17_charente-maritime.jpg";"https://france.comersis.com/map/circonscription/circonscriptions-de-la-Charente-Maritime.jpg"
"18";"cher";"https://france.comersis.com/circonscriptions.php?dpt=18";"1";"18_cher.jpg";"https://france.comersis.com/map/circonscription/circonscriptions-du-Cher.jpg"
"19";"correze";"https://france.comersis.com/circonscriptions.php?dpt=19";"1";"19_correze.jpg";"https://france.comersis.com/map/circonscription/circonscriptions-de-la-Correze.jpg"
"21";"cote-dor";"https://france.comersis.com/circonscriptions.php?dpt=21";"1";"21_cote-dor.jpg";"https://france.comersis.com/map/circonscription/circonscriptions-de-la-Cote-d-Or.jpg"
"22";"cotes-darmor";"https://france.comersis.com/circonscriptions.php?dpt=22";"1";"22_cotes-darmor.jpg";"https://france.comersis.com/map/circonscription/circonscriptions-des-Cotes-d-Armor.jpg"
"23";"creuse";"https://france.comersis.com/circonscriptions.php?dpt=23";"1";"23_creuse.jpg";"https://france.comersis.com/map/circonscription/circonscriptions-de-la-Creuse.jpg"
"24";"dordogne";"https://france.comersis.com/circonscriptions.php?dpt=24";"1";"24_dordogne.jpg";"https://france.comersis.com/map/circonscription/circonscriptions-de-la-Dordogne.jpg"
"25";"doubs";"https://france.comersis.com/circonscriptions.php?dpt=25";"1";"25_doubs.jpg";"https://france.comersis.com/map/circonscription/circonscriptions-du-Doubs.jpg"
"26";"drome";"https://france.comersis.com/circonscriptions.php?dpt=26";"1";"26_drome.jpg";"https://france.comersis.com/map/circonscription/circonscriptions-de-la-Drome.jpg"
"27";"eure";"https://france.comersis.com/circonscriptions.php?dpt=27";"1";"27_eure.jpg";"https://france.comersis.com/map/circonscription/circonscriptions-de-l-Eure.jpg"
"28";"eure-et-loir";"https://france.comersis.com/circonscriptions.php?dpt=28";"1";"28_eure-et-loir.jpg";"https://france.comersis.com/map/circonscription/circonscriptions-d-Eure-et-Loir.jpg"
"29";"finistere";"https://france.comersis.com/circonscriptions.php?dpt=29";"1";"29_finistere.jpg";"https://france.comersis.com/map/circonscription/circonscriptions-du-Finistere.jpg"
"30";"gard";"https://france.comersis.com/circonscriptions.php?dpt=30";"1";"30_gard.jpg";"https://france.comersis.com/map/circonscription/circonscriptions-du-Gard.jpg"
"31";"haute-garonne";"https://france.comersis.com/circonscriptions.php?dpt=31";"1";"31_haute-garonne.jpg";"https://france.comersis.com/map/circonscription/circonscriptions-de-la-Haute-Garonne.jpg"
"32";"gers";"https://france.comersis.com/circonscriptions.php?dpt=32";"1";"32_gers.jpg";"https://france.comersis.com/map/circonscription/circonscriptions-du-Gers.jpg"
"33";"gironde";"https://france.comersis.com/circonscriptions.php?dpt=33";"1";"33_gironde.jpg";"https://france.comersis.com/map/circonscription/circonscriptions-de-la-Gironde.jpg"
"34";"herault";"https://france.comersis.com/circonscriptions.php?dpt=34";"1";"34_herault.jpg";"https://france.comersis.com/map/circonscription/circonscriptions-de-l-Herault.jpg"
"35";"ille-et-vilaine";"https://france.comersis.com/circonscriptions.php?dpt=35";"1";"35_ille-et-vilaine.jpg";"https://france.comersis.com/map/circonscription/circonscriptions-de-l-Ille-et-Vilaine.jpg"
"36";"indre";"https://france.comersis.com/circonscriptions.php?dpt=36";"1";"36_indre.jpg";"https://france.comersis.com/map/circonscription/circonscriptions-de-l-Indre.jpg"
"37";"indre-et-loire";"https://france.comersis.com/circonscriptions.php?dpt=37";"1";"37_indre-et-loire.jpg";"https://france.comersis.com/map/circonscription/circonscriptions-d-Indre-et-Loire.jpg"
"38";"isere";"https://france.comersis.com/circonscriptions.php?dpt=38";"1";"38_isere.jpg";"https://france.comersis.com/map/circonscription/circonscriptions-de-l-Isere.jpg"
"39";"jura";"https://france.comersis.com/circonscriptions.php?dpt=39";"1";"39_jura.jpg";"https://france.comersis.com/map/circonscription/circonscriptions-du-Jura.jpg"
"40";"landes";"https://france.comersis.com/circonscriptions.php?dpt=40";"1";"40_landes.jpg";"https://france.comersis.com/map/circonscription/circonscriptions-des-Landes.jpg"
"41";"loir-et-cher";"https://france.comersis.com/circonscriptions.php?dpt=41";"1";"41_loir-et-cher.jpg";"https://france.comersis.com/map/circonscription/circonscriptions-du-Loir-et-Cher.jpg"
"42";"loire";"https://france.comersis.com/circonscriptions.php?dpt=42";"1";"42_loire.jpg";"https://france.comersis.com/map/circonscription/circonscriptions-de-la-Loire.jpg"
"43";"haute-loire";"https://france.comersis.com/circonscriptions.php?dpt=43";"1";"43_haute-loire.jpg";"https://france.comersis.com/map/circonscription/circonscriptions-de-la-Haute-Loire.jpg"
"44";"loire-atlantique";"https://france.comersis.com/circonscriptions.php?dpt=44";"1";"44_loire-atlantique.jpg";"https://france.comersis.com/map/circonscription/circonscriptions-de-la-Loire-Atlantique.jpg"
"45";"loiret";"https://france.comersis.com/circonscriptions.php?dpt=45";"1";"45_loiret.jpg";"https://france.comersis.com/map/circonscription/circonscriptions-du-Loiret.jpg"
"46";"lot";"https://france.comersis.com/circonscriptions.php?dpt=46";"1";"46_lot.jpg";"https://france.comersis.com/map/circonscription/circonscriptions-du-Lot.jpg"
"47";"lot-et-garonne";"https://france.comersis.com/circonscriptions.php?dpt=47";"1";"47_lot-et-garonne.jpg";"https://france.comersis.com/map/circonscription/circonscriptions-du-Lot-et-Garonne.jpg"
"48";"lozere";"https://france.comersis.com/circonscriptions.php?dpt=48";"1";"48_lozere.jpg";"https://france.comersis.com/map/circonscription/circonscriptions-de-la-Lozere.jpg"
"49";"maine-et-loire";"https://france.comersis.com/circonscriptions.php?dpt=49";"1";"49_maine-et-loire.jpg";"https://france.comersis.com/map/circonscription/circonscriptions-du-Maine-et-Loire.jpg"
"50";"manche";"https://france.comersis.com/circonscriptions.php?dpt=50";"1";"50_manche.jpg";"https://france.comersis.com/map/circonscription/circonscriptions-de-la-Manche.jpg"
"51";"marne";"https://france.comersis.com/circonscriptions.php?dpt=51";"1";"51_marne.jpg";"https://france.comersis.com/map/circonscription/circonscriptions-de-la-Marne.jpg"
"52";"haute-marne";"https://france.comersis.com/circonscriptions.php?dpt=52";"1";"52_haute-marne.jpg";"https://france.comersis.com/map/circonscription/circonscriptions-de-la-Haute-Marne.jpg"
"53";"mayenne";"https://france.comersis.com/circonscriptions.php?dpt=53";"1";"53_mayenne.jpg";"https://france.comersis.com/map/circonscription/circonscriptions-de-la-Mayenne.jpg"
"54";"meurthe-et-moselle";"https://france.comersis.com/circonscriptions.php?dpt=54";"1";"54_meurthe-et-moselle.jpg";"https://france.comersis.com/map/circonscription/circonscriptions-de-Meurthe-et-Moselle.jpg"
"55";"meuse";"https://france.comersis.com/circonscriptions.php?dpt=55";"1";"55_meuse.jpg";"https://france.comersis.com/map/circonscription/circonscriptions-de-la-Meuse.jpg"
"56";"morbihan";"https://france.comersis.com/circonscriptions.php?dpt=56";"1";"56_morbihan.jpg";"https://france.comersis.com/map/circonscription/circonscriptions-du-Morbihan.jpg"
"57";"moselle";"https://france.comersis.com/circonscriptions.php?dpt=57";"1";"57_moselle.jpg";"https://france.comersis.com/map/circonscription/circonscriptions-de-la-Moselle.jpg"
"58";"nievre";"https://france.comersis.com/circonscriptions.php?dpt=58";"1";"58_nievre.jpg";"https://france.comersis.com/map/circonscription/circonscriptions-de-la-Nievre.jpg"
"59";"nord";"https://france.comersis.com/circonscriptions.php?dpt=59";"1";"59_nord.jpg";"https://france.comersis.com/map/circonscription/circonscriptions-du-Nord.jpg"
"60";"oise";"https://france.comersis.com/circonscriptions.php?dpt=60";"1";"60_oise.jpg";"https://france.comersis.com/map/circonscription/circonscriptions-de-l-Oise.jpg"
"61";"orne";"https://france.comersis.com/circonscriptions.php?dpt=61";"1";"61_orne.jpg";"https://france.comersis.com/map/circonscription/circonscriptions-de-l-Orne.jpg"
"62";"pas-de-calais";"https://france.comersis.com/circonscriptions.php?dpt=62";"1";"62_pas-de-calais.jpg";"https://france.comersis.com/map/circonscription/circonscriptions-du-Pas-de-Calais.jpg"
"63";"puy-de-dome";"https://france.comersis.com/circonscriptions.php?dpt=63";"1";"63_puy-de-dome.jpg";"https://france.comersis.com/map/circonscription/circonscriptions-du-Puy-de-Dome.jpg"
"64";"pyrenees-atlantiques";"https://france.comersis.com/circonscriptions.php?dpt=64";"1";"64_pyrenees-atlantiques.jpg";"https://france.comersis.com/map/circonscription/circonscriptions-des-Pyrenees-Atlantiques.jpg"
"65";"hautes-pyrenees";"https://france.comersis.com/circonscriptions.php?dpt=65";"1";"65_hautes-pyrenees.jpg";"https://france.comersis.com/map/circonscription/circonscriptions-des-Hautes-Pyrenees.jpg"
"66";"pyrenees-orientales";"https://france.comersis.com/circonscriptions.php?dpt=66";"1";"66_pyrenees-orientales.jpg";"https://france.comersis.com/map/circonscription/circonscriptions-des-Pyrenees-Orientales.jpg"
"67";"bas-rhin";"https://france.comersis.com/circonscriptions.php?dpt=67";"1";"67_bas-rhin.jpg";"https://france.comersis.com/map/circonscription/circonscriptions-du-Bas-Rhin.jpg"
"68";"haut-rhin";"https://france.comersis.com/circonscriptions.php?dpt=68";"1";"68_haut-rhin.jpg";"https://france.comersis.com/map/circonscription/circonscriptions-du-Haut-Rhin.jpg"
"69";"rhone";"https://france.comersis.com/circonscriptions.php?dpt=69";"1";"69_rhone.jpg";"https://france.comersis.com/map/circonscription/circonscriptions-du-Rhone.jpg"
"70";"haute-saone";"https://france.comersis.com/circonscriptions.php?dpt=70";"1";"70_haute-saone.jpg";"https://france.comersis.com/map/circonscription/circonscriptions-de-la-Haute-Saone.jpg"
"71";"saone-et-loire";"https://france.comersis.com/circonscriptions.php?dpt=71";"1";"71_saone-et-loire.jpg";"https://france.comersis.com/map/circonscription/circonscriptions-de-Saone-et-Loire.jpg"
"72";"sarthe";"https://france.comersis.com/circonscriptions.php?dpt=72";"1";"72_sarthe.jpg";"https://france.comersis.com/map/circonscription/circonscriptions-de-la-Sarthe.jpg"
"73";"savoie";"https://france.comersis.com/circonscriptions.php?dpt=73";"1";"73_savoie.jpg";"https://france.comersis.com/map/circonscription/circonscriptions-de-la-Savoie.jpg"
"74";"haute-savoie";"https://france.comersis.com/circonscriptions.php?dpt=74";"1";"74_haute-savoie.jpg";"https://france.comersis.com/map/circonscription/circonscriptions-de-la-Haute-Savoie.jpg"
"75";"paris";"https://france.comersis.com/circonscriptions.php?dpt=75";"1";"75_paris.jpg";"https://france.comersis.com/map/circonscription/circonscriptions-de-Paris.jpg"
"76";"seine-maritime";"https://france.comersis.com/circonscriptions.php?dpt=76";"1";"76_seine-maritime.jpg";"https://france.comersis.com/map/circonscription/circonscriptions-de-la-Seine-Maritime.jpg"
"77";"seine-et-marne";"https://france.comersis.com/circonscriptions.php?dpt=77";"1";"77_seine-et-marne.jpg";"https://france.comersis.com/map/circonscription/circonscriptions-de-Seine-et-Marne.jpg"
"78";"yvelines";"https://france.comersis.com/circonscriptions.php?dpt=78";"1";"78_yvelines.jpg";"https://france.comersis.com/map/circonscription/circonscriptions-des-Yvelines.jpg"
"79";"deux-sevres";"https://france.comersis.com/circonscriptions.php?dpt=79";"1";"79_deux-sevres.jpg";"https://france.comersis.com/map/circonscription/circonscriptions-des-Deux-Sevres.jpg"
"80";"somme";"https://france.comersis.com/circonscriptions.php?dpt=80";"1";"80_somme.jpg";"https://france.comersis.com/map/circonscription/circonscriptions-de-la-Somme.jpg"
"81";"tarn";"https://france.comersis.com/circonscriptions.php?dpt=81";"1";"81_tarn.jpg";"https://france.comersis.com/map/circonscription/circonscriptions-du-Tarn.jpg"
"82";"tarn-et-garonne";"https://france.comersis.com/circonscriptions.php?dpt=82";"1";"82_tarn-et-garonne.jpg";"https://france.comersis.com/map/circonscription/circonscriptions-du-Tarn-et-Garonne.jpg"
"83";"var";"https://france.comersis.com/circonscriptions.php?dpt=83";"1";"83_var.jpg";"https://france.comersis.com/map/circonscription/circonscriptions-du-Var.jpg"
"84";"vaucluse";"https://france.comersis.com/circonscriptions.php?dpt=84";"1";"84_vaucluse.jpg";"https://france.comersis.com/map/circonscription/circonscriptions-du-Vaucluse.jpg"
"85";"vendee";"https://france.comersis.com/circonscriptions.php?dpt=85";"1";"85_vendee.jpg";"https://france.comersis.com/map/circonscription/circonscriptions-de-la-Vendee.jpg"
"86";"vienne";"https://france.comersis.com/circonscriptions.php?dpt=86";"1";"86_vienne.jpg";"https://france.comersis.com/map/circonscription/circonscriptions-de-la-Vienne.jpg"
"87";"haute-vienne";"https://france.comersis.com/circonscriptions.php?dpt=87";"1";"87_haute-vienne.jpg";"https://france.comersis.com/map/circonscription/circonscriptions-de-la-Haute-Vienne.jpg"
"88";"vosges";"https://france.comersis.com/circonscriptions.php?dpt=88";"1";"88_vosges.jpg";"https://france.comersis.com/map/circonscription/circonscriptions-des-Vosges.jpg"
"89";"yonne";"https://france.comersis.com/circonscriptions.php?dpt=89";"1";"89_yonne.jpg";"https://france.comersis.com/map/circonscription/circonscriptions-de-l-Yonne.jpg"
"90";"territoire-de-belfort";"https://france.comersis.com/circonscriptions.php?dpt=90";"1";"90_territoire-de-belfort.jpg";"https://france.comersis.com/map/circonscription/circonscriptions-du-Territoire-de-Belfort.jpg"
"91";"essonne";"https://france.comersis.com/circonscriptions.php?dpt=91";"1";"91_essonne.jpg";"https://france.comersis.com/map/circonscription/circonscriptions-de-l-Essonne.jpg"
"92";"hauts-de-seine";"https://france.comersis.com/circonscriptions.php?dpt=92";"1";"92_hauts-de-seine.jpg";"https://france.comersis.com/map/circonscription/circonscriptions-des-Hauts-de-Seine.jpg"
"93";"seine-saint-denis";"https://france.comersis.com/circonscriptions.php?dpt=93";"1";"93_seine-saint-denis.jpg";"https://france.comersis.com/map/circonscription/circonscriptions-de-la-Seine-Saint-Denis.jpg"
"94";"val-de-marne";"https://france.comersis.com/circonscriptions.php?dpt=94";"1";"94_val-de-marne.jpg";"https://france.comersis.com/map/circonscription/circonscriptions-du-Val-de-Marne.jpg"
"95";"val-doise";"https://france.comersis.com/circonscriptions.php?dpt=95";"1";"95_val-doise.jpg";"https://france.comersis.com/map/circonscription/circonscriptions-du-Val-d-Oise.jpg"
"2A";"corse-du-sud";"https://france.comersis.com/circonscriptions.php?dpt=2A";"1";"2A_corse-du-sud.jpg";"https://france.comersis.com/map/circonscription/circonscriptions-de-la-Corse-du-Sud.jpg"
"2B";"haute-corse";"https://france.comersis.com/circonscriptions.php?dpt=2B";"1";"2B_haute-corse.jpg";"https://france.comersis.com/map/circonscription/circonscriptions-de-la-Haute-Corse.jpg"
"971";"guadeloupe";"https://france.comersis.com/circonscriptions.php?dpt=971";"1";"971_guadeloupe.jpg";"https://france.comersis.com/map/circonscription/circonscriptions-de-la-Guadeloupe.jpg"
"972";"martinique";"https://france.comersis.com/circonscriptions.php?dpt=972";"1";"972_martinique.jpg";"https://france.comersis.com/map/circonscription/circonscriptions-de-la-Martinique.jpg"
"973";"guyane";"https://france.comersis.com/circonscriptions.php?dpt=973";"1";"973_guyane.jpg";"https://france.comersis.com/map/circonscription/circonscriptions-de-la-Guyane.jpg"
"974";"reunion";"https://france.comersis.com/circonscriptions.php?dpt=974";"1";"974_reunion.jpg";"https://france.comersis.com/map/circonscription/circonscriptions-de-La-Reunion.jpg"
"976";"mayotte";"https://france.comersis.com/circonscriptions.php?dpt=976";"1";"976_mayotte.jpg";"https://france.comersis.com/map/circonscription/circonscriptions-de-Mayotte.jpg"
